{"loss_train": 68650.56848793894, "epoch": 120, "_timestamp": 1647777377, "_runtime": 2554, "_step": 14, "loss_benchmark": 33980.206896551725, "chart": {"_type": "image-file", "path": "media/images/chart_14_ecc0a825ee76abe41909.png", "sha256": "ecc0a825ee76abe4190905cb6480151cc453d6eb26c98bb6811f8bac8aacb597", "size": 215301, "format": "png", "width": 1440, "height": 576}, "_wandb": {"runtime": 2553}}