{"loss_train": 35715.839883364824, "_timestamp": 1648455464, "_runtime": 7, "_step": 2, "loss_benchmark": 33980.206896551725, "chart": {"_type": "image-file", "path": "media/images/chart_2_312544fd4a92b2e0e6da.png", "sha256": "312544fd4a92b2e0e6dacf9f1475cd910b9816ab6d30336285df4d0c226e8838", "size": 175378, "format": "png", "width": 1440, "height": 576}, "_wandb": {"runtime": 6}}