{"loss_train": 60980.812100478186, "epoch": 120, "_timestamp": 1647784414, "_runtime": 73, "_step": 2, "loss_benchmark": 33980.206896551725, "chart": {"_type": "image-file", "path": "media/images/chart_2_9a968cc82bff8ec15242.png", "sha256": "9a968cc82bff8ec152429eb325425f063259b07cf6d4f41af67424f9fa4d7f81", "size": 205124, "format": "png", "width": 1440, "height": 576}, "_wandb": {"runtime": 71}}