{"loss_train": 54438.46008847297, "epoch": 120, "_timestamp": 1647784155, "_runtime": 31, "_step": 2, "loss_benchmark": 33980.206896551725, "chart": {"_type": "image-file", "path": "media/images/chart_2_8bb1272a353a91705b46.png", "sha256": "8bb1272a353a91705b467fbac35fa599ff713ed6a4a7c8bdde00ec07c0749b41", "size": 189019, "format": "png", "width": 1440, "height": 576}, "_wandb": {"runtime": 30}}