{"loss_train": 36249.234105590906, "_timestamp": 1648455482, "_runtime": 8, "_step": 2, "loss_benchmark": 33980.206896551725, "chart": {"_type": "image-file", "path": "media/images/chart_2_cee7f139f2fde8c9855c.png", "sha256": "cee7f139f2fde8c9855c029c6cf0f087a71a820dbbe85aa181da17d59657488d", "size": 175030, "format": "png", "width": 1440, "height": 576}, "_wandb": {"runtime": 8}}