{"loss_train": 52584.45334891508, "epoch": 120, "_timestamp": 1647767573, "_runtime": 280, "_step": 14, "loss_benchmark": 33980.206896551725, "chart": {"_type": "image-file", "path": "media/images/chart_14_1a00ea166f3e9ffeb9b8.png", "sha256": "1a00ea166f3e9ffeb9b82186e422eed48fe736d93d410177b2fdbda6e17d2578", "size": 209282, "format": "png", "width": 1440, "height": 576}, "_wandb": {"runtime": 277}}