{"loss_train": 35796.02493686111, "_timestamp": 1648455985, "_runtime": 6, "_step": 2, "loss_benchmark": 33980.206896551725, "chart": {"_type": "image-file", "path": "media/images/chart_2_60143895a280cd34d7cf.png", "sha256": "60143895a280cd34d7cf84d7e61cffcd38efca7102a19ee4dad57e5611122be6", "size": 174795, "format": "png", "width": 1440, "height": 576}, "_wandb": {"runtime": 6}}