{"loss_train": 35812.828765932696, "_timestamp": 1648457049, "_runtime": 10, "_step": 2, "loss_benchmark": 33980.206896551725, "chart": {"_type": "image-file", "path": "media/images/chart_2_340a8bac743dc913bd9c.png", "sha256": "340a8bac743dc913bd9cc09fd43c8e58b33063daf85879e8a2390c912c1ae10d", "size": 173521, "format": "png", "width": 1440, "height": 576}, "_wandb": {"runtime": 9}}