{"loss_train": 67125.57375333988, "epoch": 120, "_timestamp": 1647769284, "_runtime": 1702, "_step": 14, "loss_benchmark": 33980.206896551725, "chart": {"_type": "image-file", "path": "media/images/chart_14_34b406b967c3b7b2332c.png", "sha256": "34b406b967c3b7b2332cce15592b50afd81709a87f605317e7fd70413d54aafa", "size": 208783, "format": "png", "width": 1440, "height": 576}, "_wandb": {"runtime": 1699}}