{"loss_train": 35680.057910826625, "_timestamp": 1648455283, "_runtime": 6, "_step": 2, "loss_benchmark": 33980.206896551725, "chart": {"_type": "image-file", "path": "media/images/chart_2_c133b690529d6e1f5d93.png", "sha256": "c133b690529d6e1f5d93fbc5d472e395bd20d44483cedaec70a9582c8f1cabe8", "size": 163763, "format": "png", "width": 1440, "height": 576}, "_wandb": {"runtime": 5}}