{"loss_train": 35679.779312822895, "_timestamp": 1648457072, "_runtime": 9, "_step": 2, "loss_benchmark": 33980.206896551725, "chart": {"_type": "image-file", "path": "media/images/chart_2_a2aa5d1d566a726ed4db.png", "sha256": "a2aa5d1d566a726ed4db0ad502844ec693b60834a6b2e4b3e93c9f435915f68a", "size": 170804, "format": "png", "width": 1440, "height": 576}, "_wandb": {"runtime": 8}}