{"loss_train": 35771.743900479094, "_timestamp": 1648456524, "_runtime": 7, "_step": 2, "loss_benchmark": 33980.206896551725, "chart": {"_type": "image-file", "path": "media/images/chart_2_e360c7fc1421eb021ce1.png", "sha256": "e360c7fc1421eb021ce1a5448a63e7f1649f042878c8a725ffd236ad6e5aa1de", "size": 173786, "format": "png", "width": 1440, "height": 576}, "_wandb": {"runtime": 6}}