{"loss_train": 56819.904164817075, "epoch": 120, "_timestamp": 1647783979, "_runtime": 35, "_step": 2, "loss_benchmark": 33980.206896551725, "chart": {"_type": "image-file", "path": "media/images/chart_2_3c7966f4543ab6500ccc.png", "sha256": "3c7966f4543ab6500ccc1c2054c4a21ba14bcab99896249bbce8aefbe8d639c6", "size": 173219, "format": "png", "width": 1440, "height": 576}, "_wandb": {"runtime": 33}}