{"loss_train": 52559.02573091742, "epoch": 120, "_timestamp": 1647766827, "_runtime": 227, "_step": 14, "loss_benchmark": 33980.206896551725, "chart": {"_type": "image-file", "path": "media/images/chart_14_9fea3a9f3e56c0dfd3d5.png", "sha256": "9fea3a9f3e56c0dfd3d520d711aac035978bd250b9df7a3120fe6e35293b796f", "size": 197049, "format": "png", "width": 1440, "height": 576}, "_wandb": {"runtime": 225}}