{"loss_train": 35970.115468099124, "_timestamp": 1648457113, "_runtime": 8, "_step": 2, "loss_benchmark": 33980.206896551725, "chart": {"_type": "image-file", "path": "media/images/chart_2_59ea3bf4e55037a392c7.png", "sha256": "59ea3bf4e55037a392c7ce37762b04e50330711411706155a7b2d5ca8cce96b1", "size": 171332, "format": "png", "width": 1440, "height": 576}, "_wandb": {"runtime": 7}}