{"loss_train": 10623.556808128078, "_timestamp": 1648463719, "_runtime": 11, "_step": 2, "loss_benchmark": 4774.6551724137935, "chart": {"_type": "image-file", "path": "media/images/chart_2_8eba211897d37f6060fe.png", "sha256": "8eba211897d37f6060fe7a7a0b4071138c2102c4462b8c61440d5ec2e9cff542", "size": 70522, "format": "png", "width": 1440, "height": 576}, "_wandb": {"runtime": 8}}