{"loss_train": 36387.397333295536, "_timestamp": 1648455541, "_runtime": 7, "_step": 2, "loss_benchmark": 33980.206896551725, "chart": {"_type": "image-file", "path": "media/images/chart_2_8341888e51f37f37612e.png", "sha256": "8341888e51f37f37612e8f7fb08a8b00735ade4ba1187adb9c8e4bdde2c71a89", "size": 177278, "format": "png", "width": 1440, "height": 576}, "_wandb": {"runtime": 5}}