{"loss_train": 35723.491577673405, "_timestamp": 1648455431, "_runtime": 7, "_step": 2, "loss_benchmark": 33980.206896551725, "chart": {"_type": "image-file", "path": "media/images/chart_2_12db5f0b15909ce98d4d.png", "sha256": "12db5f0b15909ce98d4dbd7945d01747ddaa0e41369a786900425dfd5106208b", "size": 176526, "format": "png", "width": 1440, "height": 576}, "_wandb": {"runtime": 6}}