{"loss_train": 77433.93213568296, "epoch": 120, "_timestamp": 1647783929, "_runtime": 33, "_step": 2, "loss_benchmark": 33980.206896551725, "chart": {"_type": "image-file", "path": "media/images/chart_2_e8f50ce05cd576ffc937.png", "sha256": "e8f50ce05cd576ffc93784f0b15ce9035ff51c305a22e7ca06e2289912a77595", "size": 171109, "format": "png", "width": 1440, "height": 576}, "_wandb": {"runtime": 30}}