{"loss_train": 35740.358658185185, "_timestamp": 1648456294, "_runtime": 8, "_step": 2, "loss_benchmark": 33980.206896551725, "chart": {"_type": "image-file", "path": "media/images/chart_2_bd59c3c19e234366731f.png", "sha256": "bd59c3c19e234366731f54eb32185d48e4e3e139f9c55a8ea167f2939bd4fd83", "size": 171573, "format": "png", "width": 1440, "height": 576}, "_wandb": {"runtime": 8}}