{"loss_train": 58244.01655996688, "epoch": 120, "_timestamp": 1647784553, "_runtime": 35, "_step": 2, "loss_benchmark": 33980.206896551725, "chart": {"_type": "image-file", "path": "media/images/chart_2_a185c454b415ead95f73.png", "sha256": "a185c454b415ead95f7384e88b694c0238b32dd00a95c4339d0b63563886b734", "size": 203778, "format": "png", "width": 1440, "height": 576}, "_wandb": {"runtime": 32}}