{"loss_train": 50374.01936020393, "epoch": 120, "_timestamp": 1647764750, "_runtime": 93, "_step": 14, "loss_benchmark": 33980.206896551725, "chart": {"_type": "image-file", "path": "media/images/chart_14_3fbaaf04987ae225104a.png", "sha256": "3fbaaf04987ae225104ad093b55c1134da9a68cde01a67c80cab46945f2aff00", "size": 166295, "format": "png", "width": 1440, "height": 576}, "_wandb": {"runtime": 91}}