{"loss_train": 10826.007487792296, "_timestamp": 1648463601, "_runtime": 11, "_step": 2, "loss_benchmark": 4774.6551724137935, "chart": {"_type": "image-file", "path": "media/images/chart_2_78d5a517731d6f6ec71e.png", "sha256": "78d5a517731d6f6ec71e8d548f6b557995b196bba305dfb89be453bbefc1d155", "size": 79908, "format": "png", "width": 1440, "height": 576}, "_wandb": {"runtime": 9}}