{"loss_train": 42064.08944704441, "_timestamp": 1648464913, "_runtime": 8, "_step": 2, "loss_benchmark": 33980.206896551725, "chart": {"_type": "image-file", "path": "media/images/chart_2_b4415aec86ef614aa325.png", "sha256": "b4415aec86ef614aa325042ba9357f6f48ea2813dfc4d1f1bf65c15e1b76a2b3", "size": 90237, "format": "png", "width": 1440, "height": 576}, "_wandb": {"runtime": 7}}