{"loss_train": 46885.210012220516, "epoch": 120, "_timestamp": 1647766489, "_runtime": 217, "_step": 14, "loss_benchmark": 33980.206896551725, "chart": {"_type": "image-file", "path": "media/images/chart_14_e3ab6545f2f339981a27.png", "sha256": "e3ab6545f2f339981a270a234fef0a91b5fa1c972672367b28ceb1e472f93eab", "size": 194400, "format": "png", "width": 1440, "height": 576}, "_wandb": {"runtime": 215}}