{"loss_train": 35748.60176031933, "_timestamp": 1648456914, "_runtime": 10, "_step": 2, "loss_benchmark": 33980.206896551725, "chart": {"_type": "image-file", "path": "media/images/chart_2_1cfd4268c8b7c940dfec.png", "sha256": "1cfd4268c8b7c940dfec358910b8c738ccbc2b743b791a2261f3ae1ca3e07675", "size": 170643, "format": "png", "width": 1440, "height": 576}, "_wandb": {"runtime": 10}}