{"loss_train": 77433.93213568296, "epoch": 120, "_timestamp": 1647784070, "_runtime": 33, "_step": 2, "loss_benchmark": 33980.206896551725, "chart": {"_type": "image-file", "path": "media/images/chart_2_ce9e9c0d9894d5f1e318.png", "sha256": "ce9e9c0d9894d5f1e3186c9284e80fbe2049a00a19e3cfcc01d5f363051c7647", "size": 184612, "format": "png", "width": 1440, "height": 576}, "_wandb": {"runtime": 32}}