{"loss_train": 63063.21839055341, "epoch": 120, "_timestamp": 1647767021, "_runtime": 114, "_step": 14, "loss_benchmark": 33980.206896551725, "chart": {"_type": "image-file", "path": "media/images/chart_14_a7e36a9004201a302040.png", "sha256": "a7e36a9004201a3020400aa650287c9fb55cab0179b1fc4745c2bfb34f9e07dc", "size": 202375, "format": "png", "width": 1440, "height": 576}, "_wandb": {"runtime": 112}}