{"loss_train": 58722.168844141095, "epoch": 120, "_timestamp": 1647765020, "_runtime": 261, "_step": 14, "loss_benchmark": 33980.206896551725, "chart": {"_type": "image-file", "path": "media/images/chart_14_cc5656f2c88d62005fb8.png", "sha256": "cc5656f2c88d62005fb8a6be0286ef373144e1da56359ee7f257d26f341a8c25", "size": 197157, "format": "png", "width": 1440, "height": 576}, "_wandb": {"runtime": 259}}