{"loss_train": 67085.94824159135, "epoch": 120, "_timestamp": 1647769392, "_runtime": 98, "_step": 14, "loss_benchmark": 33980.206896551725, "chart": {"_type": "image-file", "path": "media/images/chart_14_b91d08611874d87dcf36.png", "sha256": "b91d08611874d87dcf368466c73110f9f137dad3007f3a57b12c62dbf058d485", "size": 211516, "format": "png", "width": 1440, "height": 576}, "_wandb": {"runtime": 95}}