{"loss_train": 35740.358658185185, "_timestamp": 1648456587, "_runtime": 10, "_step": 2, "loss_benchmark": 33980.206896551725, "chart": {"_type": "image-file", "path": "media/images/chart_2_1eefb9e383b875ed20da.png", "sha256": "1eefb9e383b875ed20da7c36364ccace0e8783d7e9b50261c9c98fa11ad8082b", "size": 171158, "format": "png", "width": 1440, "height": 576}, "_wandb": {"runtime": 8}}