{"loss_train": 35763.595999756355, "_timestamp": 1648456454, "_runtime": 8, "_step": 2, "loss_benchmark": 33980.206896551725, "chart": {"_type": "image-file", "path": "media/images/chart_2_21cf60807178721f1347.png", "sha256": "21cf60807178721f1347f610c5a6ee2668eebecbc940703e440229528b7aa1c2", "size": 172572, "format": "png", "width": 1440, "height": 576}, "_wandb": {"runtime": 7}}