{"loss_train": 72105.82678118456, "epoch": 120, "_timestamp": 1647783757, "_runtime": 33, "_step": 2, "loss_benchmark": 33980.206896551725, "chart": {"_type": "image-file", "path": "media/images/chart_2_45ee761343a2d9d6c2ef.png", "sha256": "45ee761343a2d9d6c2ef47dd7e7cc79cdcb9f691c31ddc73528ddb19ac183f20", "size": 87448, "format": "png", "width": 1440, "height": 576}, "_wandb": {"runtime": 31}}