{"loss_train": 56329.1079803838, "epoch": 120, "_timestamp": 1647767271, "_runtime": 104, "_step": 14, "loss_benchmark": 33980.206896551725, "chart": {"_type": "image-file", "path": "media/images/chart_14_92220ff5a14be0d77211.png", "sha256": "92220ff5a14be0d772117346d8567a1fcea6ed162f24e315c05f32e04011f9c0", "size": 206025, "format": "png", "width": 1440, "height": 576}, "_wandb": {"runtime": 102}}