{"loss_train": 55730.88735535713, "epoch": 120, "_timestamp": 1647774815, "_runtime": 92, "_step": 14, "loss_benchmark": 33980.206896551725, "chart": {"_type": "image-file", "path": "media/images/chart_14_a922d8e98d9b67884cf7.png", "sha256": "a922d8e98d9b67884cf7da37830f02192dce40ebd94e3541c5653303e16086fe", "size": 213348, "format": "png", "width": 1440, "height": 576}, "_wandb": {"runtime": 90}}