{"loss_train": 56819.904164817075, "epoch": 120, "_timestamp": 1647784290, "_runtime": 36, "_step": 2, "loss_benchmark": 33980.206896551725, "chart": {"_type": "image-file", "path": "media/images/chart_2_7d99c0bacc3d017038e7.png", "sha256": "7d99c0bacc3d017038e75ee7c4b538e3c51ed1cbe174db9dba8e5cd6c620f54e", "size": 198121, "format": "png", "width": 1440, "height": 576}, "_wandb": {"runtime": 34}}