{"loss_train": 56819.904164817075, "epoch": 120, "_timestamp": 1647783889, "_runtime": 35, "_step": 2, "loss_benchmark": 33980.206896551725, "chart": {"_type": "image-file", "path": "media/images/chart_2_f846bd6007ed33adaeff.png", "sha256": "f846bd6007ed33adaeff6cb439ece09e25dc700838b11d7434e17e025f74d6dc", "size": 159430, "format": "png", "width": 1440, "height": 576}, "_wandb": {"runtime": 33}}