{"loss_train": 35655.398659026745, "_timestamp": 1648456121, "_runtime": 8, "_step": 2, "loss_benchmark": 33980.206896551725, "chart": {"_type": "image-file", "path": "media/images/chart_2_0bf0cc29719ecb7b6f55.png", "sha256": "0bf0cc29719ecb7b6f550e68a0067c2ab0a24381f787bb02356c7fc230035fa7", "size": 175753, "format": "png", "width": 1440, "height": 576}, "_wandb": {"runtime": 7}}