{"loss_train": 35822.086054252766, "_timestamp": 1648456820, "_runtime": 9, "_step": 2, "loss_benchmark": 33980.206896551725, "chart": {"_type": "image-file", "path": "media/images/chart_2_187d808475964cea9aba.png", "sha256": "187d808475964cea9abac0baebfb09799e2554e9747618fc47c8bebb485c2743", "size": 170167, "format": "png", "width": 1440, "height": 576}, "_wandb": {"runtime": 8}}