{"loss_train": 59880.84418229032, "epoch": 120, "_timestamp": 1647783843, "_runtime": 32, "_step": 2, "loss_benchmark": 33980.206896551725, "chart": {"_type": "image-file", "path": "media/images/chart_2_527ef1e1429cc6984ef8.png", "sha256": "527ef1e1429cc6984ef84c1c15ede5d9e18ed93b6ff19f3cae74de8992079fb2", "size": 151444, "format": "png", "width": 1440, "height": 576}, "_wandb": {"runtime": 30}}