{"loss_train": 35688.977797548076, "_timestamp": 1648455267, "_runtime": 7, "_step": 2, "loss_benchmark": 33980.206896551725, "chart": {"_type": "image-file", "path": "media/images/chart_2_33f7d9d5ecf11ed82849.png", "sha256": "33f7d9d5ecf11ed828498795a2ccb397c17695ffd0b98f3d0ec769398369c2fe", "size": 159650, "format": "png", "width": 1440, "height": 576}, "_wandb": {"runtime": 6}}