{"loss_train": 35668.85820922497, "_timestamp": 1648456218, "_runtime": 11, "_step": 2, "loss_benchmark": 33980.206896551725, "chart": {"_type": "image-file", "path": "media/images/chart_2_ef25f333c8bb2be1165a.png", "sha256": "ef25f333c8bb2be1165a16d95a096273ce61a85d1177994a30a1f01ea0d107e3", "size": 170946, "format": "png", "width": 1440, "height": 576}, "_wandb": {"runtime": 5}}