{"loss_train": 35712.82176244204, "_timestamp": 1648456678, "_runtime": 10, "_step": 2, "loss_benchmark": 33980.206896551725, "chart": {"_type": "image-file", "path": "media/images/chart_2_dfe321c1863b7a4d6d6d.png", "sha256": "dfe321c1863b7a4d6d6dfda0d2844ac2f8a1b4fae0a7f9cd1624bc20722fc7ce", "size": 173368, "format": "png", "width": 1440, "height": 576}, "_wandb": {"runtime": 8}}