{"loss_train": 35685.115970326704, "_timestamp": 1648457254, "_runtime": 8, "_step": 2, "loss_benchmark": 33980.206896551725, "chart": {"_type": "image-file", "path": "media/images/chart_2_bb2bc912e9d580d60b22.png", "sha256": "bb2bc912e9d580d60b22485ae193c2267cf3b011e47b6eb26c42ad114c7b3509", "size": 172287, "format": "png", "width": 1440, "height": 576}, "_wandb": {"runtime": 7}}