{"loss_train": 36039.04727276136, "_timestamp": 1648457228, "_runtime": 10, "_step": 2, "loss_benchmark": 33980.206896551725, "chart": {"_type": "image-file", "path": "media/images/chart_2_f8ef84c8e40be635d1f3.png", "sha256": "f8ef84c8e40be635d1f335296ee69454f4b994baf96786ec33b984bc69fcb5cf", "size": 170499, "format": "png", "width": 1440, "height": 576}, "_wandb": {"runtime": 9}}