{"loss_train": 8119.418728377889, "_timestamp": 1648463773, "_runtime": 10, "_step": 2, "loss_benchmark": 4774.6551724137935, "chart": {"_type": "image-file", "path": "media/images/chart_2_7cf5818de6ad87e94c8d.png", "sha256": "7cf5818de6ad87e94c8d2a4fc5e5b2e36622906df937b307d064ab1e3d5b3368", "size": 77359, "format": "png", "width": 1440, "height": 576}, "_wandb": {"runtime": 8}}