{"loss_train": 57319.63667569629, "epoch": 120, "_timestamp": 1647765350, "_runtime": 96, "_step": 14, "loss_benchmark": 33980.206896551725, "chart": {"_type": "image-file", "path": "media/images/chart_14_8978bd2a14e217e6a9e9.png", "sha256": "8978bd2a14e217e6a9e9e01a4190f7ddbcdcb96fd913cdd1705f8aebdb581868", "size": 195746, "format": "png", "width": 1440, "height": 576}, "_wandb": {"runtime": 95}}