{"loss_train": 55730.88735535713, "epoch": 120, "_timestamp": 1647784116, "_runtime": 35, "_step": 2, "loss_benchmark": 33980.206896551725, "chart": {"_type": "image-file", "path": "media/images/chart_2_08382cefeddcd0a58570.png", "sha256": "08382cefeddcd0a58570ff3f5e9e82c316d04d390f9b67945ae30b98c91476ed", "size": 190170, "format": "png", "width": 1440, "height": 576}, "_wandb": {"runtime": 33}}