{"loss_train": 35663.167490809916, "_timestamp": 1648456934, "_runtime": 9, "_step": 2, "loss_benchmark": 33980.206896551725, "chart": {"_type": "image-file", "path": "media/images/chart_2_522f92aa4a7938a5ce56.png", "sha256": "522f92aa4a7938a5ce5618e7f48ead3817ee1f2e6b60203a5e1c4248949a861a", "size": 172542, "format": "png", "width": 1440, "height": 576}, "_wandb": {"runtime": 8}}