{"loss_train": 55730.88735535713, "epoch": 120, "_timestamp": 1647777502, "_runtime": 113, "_step": 14, "loss_benchmark": 33980.206896551725, "chart": {"_type": "image-file", "path": "media/images/chart_14_bdb27a0c34f756a77e3c.png", "sha256": "bdb27a0c34f756a77e3ce524a18e8ee822a13443d4ef42e10cf3505653f842e6", "size": 209176, "format": "png", "width": 1440, "height": 576}, "_wandb": {"runtime": 111}}