{"loss_train": 54438.46008847297, "epoch": 120, "_timestamp": 1647784020, "_runtime": 32, "_step": 2, "loss_benchmark": 33980.206896551725, "chart": {"_type": "image-file", "path": "media/images/chart_2_b051290732b860ef77eb.png", "sha256": "b051290732b860ef77ebe0247e2020d1fff8c8bd43293381beae8fa8e893fa6e", "size": 181140, "format": "png", "width": 1440, "height": 576}, "_wandb": {"runtime": 31}}