{"loss_train": 56329.1079803838, "epoch": 120, "_timestamp": 1647784195, "_runtime": 32, "_step": 2, "loss_benchmark": 33980.206896551725, "chart": {"_type": "image-file", "path": "media/images/chart_2_08cd8a97133631c17b1a.png", "sha256": "08cd8a97133631c17b1a916c79344d90487ec54e62a9a7ea75af31fa332802e5", "size": 191966, "format": "png", "width": 1440, "height": 576}, "_wandb": {"runtime": 30}}