{"loss_train": 52691.284850406286, "epoch": 120, "_timestamp": 1647766592, "_runtime": 94, "_step": 14, "loss_benchmark": 33980.206896551725, "chart": {"_type": "image-file", "path": "media/images/chart_14_f6df68618b48fcc9c057.png", "sha256": "f6df68618b48fcc9c057fa4bbcdcf9abcf17edbfa4a34b583ec528536c8e1514", "size": 191531, "format": "png", "width": 1440, "height": 576}, "_wandb": {"runtime": 92}}