{"loss_train": 57889.3830061167, "epoch": 120, "_timestamp": 1647778755, "_runtime": 989, "_step": 14, "loss_benchmark": 33980.206896551725, "chart": {"_type": "image-file", "path": "media/images/chart_14_658aad459af0667eab83.png", "sha256": "658aad459af0667eab838b9ec206ea5d2593c21e7e719f6ca4dad266650a5b36", "size": 214067, "format": "png", "width": 1440, "height": 576}, "_wandb": {"runtime": 987}}