{"loss_train": 35685.115970326704, "_timestamp": 1648457184, "_runtime": 8, "_step": 2, "loss_benchmark": 33980.206896551725, "chart": {"_type": "image-file", "path": "media/images/chart_2_05965dde7b6a28b08c8a.png", "sha256": "05965dde7b6a28b08c8a9f9db5ce5af5dfb5edb6e8f386c662623522a4e027ba", "size": 175112, "format": "png", "width": 1440, "height": 576}, "_wandb": {"runtime": 8}}