{"loss_train": 57799.393732804194, "epoch": 120, "_timestamp": 1647765130, "_runtime": 102, "_step": 14, "loss_benchmark": 33980.206896551725, "chart": {"_type": "image-file", "path": "media/images/chart_14_9bbbcad449c8f38d7c8e.png", "sha256": "9bbbcad449c8f38d7c8eaea012fb3c71b1f86b51a43aab8621fcf1a3c7558088", "size": 206178, "format": "png", "width": 1440, "height": 576}, "_wandb": {"runtime": 100}}