{"loss_train": 60664.28570972965, "epoch": 120, "_timestamp": 1647765237, "_runtime": 96, "_step": 14, "loss_benchmark": 33980.206896551725, "chart": {"_type": "image-file", "path": "media/images/chart_14_8ab02a32912944df60cc.png", "sha256": "8ab02a32912944df60cc5a7d64c62eaab6d76f8a49360343553b1a7e812eca11", "size": 196114, "format": "png", "width": 1440, "height": 576}, "_wandb": {"runtime": 94}}