{"loss_train": 56329.1079803838, "epoch": 120, "_timestamp": 1647766262, "_runtime": 108, "_step": 14, "loss_benchmark": 33980.206896551725, "chart": {"_type": "image-file", "path": "media/images/chart_14_b2ec987ea9acad26bc48.png", "sha256": "b2ec987ea9acad26bc481c7a5559a2e618233f6b8afde4e49c9502e118c27532", "size": 188272, "format": "png", "width": 1440, "height": 576}, "_wandb": {"runtime": 107}}