{"loss_train": 73952.15445522415, "epoch": 120, "_timestamp": 1647784639, "_runtime": 34, "_step": 2, "loss_benchmark": 33980.206896551725, "chart": {"_type": "image-file", "path": "media/images/chart_2_cd6809a35e2cdc5a6972.png", "sha256": "cd6809a35e2cdc5a697201003c4697acd169962d0e52b78f6c35596e0bf5d8f7", "size": 211160, "format": "png", "width": 1440, "height": 576}, "_wandb": {"runtime": 32}}