{"loss_train": 36249.234105590906, "_timestamp": 1648455858, "_runtime": 9, "_step": 2, "loss_benchmark": 33980.206896551725, "chart": {"_type": "image-file", "path": "media/images/chart_2_fbe7d603a5072bb68e4d.png", "sha256": "fbe7d603a5072bb68e4d94e7e2550d4ee5edff079706e0afe2e5d1977e1e9149", "size": 172081, "format": "png", "width": 1440, "height": 576}, "_wandb": {"runtime": 7}}