{"loss_train": 36056.659192045016, "_timestamp": 1648456437, "_runtime": 7, "_step": 2, "loss_benchmark": 33980.206896551725, "chart": {"_type": "image-file", "path": "media/images/chart_2_64a8d0024e603169aeb3.png", "sha256": "64a8d0024e603169aeb32641304a5daa3be3d9ff3471c528a7beec5368e012c8", "size": 171363, "format": "png", "width": 1440, "height": 576}, "_wandb": {"runtime": 7}}