{"loss_train": 62066.6211952725, "epoch": 120, "_timestamp": 1647779161, "_runtime": 118, "_step": 14, "loss_benchmark": 33980.206896551725, "chart": {"_type": "image-file", "path": "media/images/chart_14_c8564a2b77968f65387f.png", "sha256": "c8564a2b77968f65387f81ce325f05e721ac643c91ccf56ea2358adfc3449b30", "size": 217184, "format": "png", "width": 1440, "height": 576}, "_wandb": {"runtime": 115}}