{"loss_train": 10707.699495736797, "_timestamp": 1648463690, "_runtime": 11, "_step": 2, "loss_benchmark": 4774.6551724137935, "chart": {"_type": "image-file", "path": "media/images/chart_2_922c34c8d6f747ceeee2.png", "sha256": "922c34c8d6f747ceeee22d45d4645b4758eb2320fe9aadb06e3eaeb7116e52ef", "size": 75673, "format": "png", "width": 1440, "height": 576}, "_wandb": {"runtime": 10}}