{"loss_train": 36106.76671807624, "_timestamp": 1648456006, "_runtime": 10, "_step": 2, "loss_benchmark": 33980.206896551725, "chart": {"_type": "image-file", "path": "media/images/chart_2_183890d369078480ecfa.png", "sha256": "183890d369078480ecfa901aa072c910ee4aff8793cfc3a863e66fdea3da1c89", "size": 172402, "format": "png", "width": 1440, "height": 576}, "_wandb": {"runtime": 7}}