{"loss_train": 60980.812100478186, "epoch": 120, "_timestamp": 1647777625, "_runtime": 113, "_step": 14, "loss_benchmark": 33980.206896551725, "chart": {"_type": "image-file", "path": "media/images/chart_14_f47fd6cfbf0067758d10.png", "sha256": "f47fd6cfbf0067758d103ed3d8d1b073149ed0bd3bf1ba64e3829bdb6f9a33f1", "size": 213818, "format": "png", "width": 1440, "height": 576}, "_wandb": {"runtime": 111}}