{"loss_train": 56018.13464478401, "epoch": 120, "_timestamp": 1647769500, "_runtime": 97, "_step": 14, "loss_benchmark": 33980.206896551725, "chart": {"_type": "image-file", "path": "media/images/chart_14_aff2bee8658d6472b02f.png", "sha256": "aff2bee8658d6472b02f40dc7bed0679223be7ccc1ddfe5f65b5a889dae309b5", "size": 215458, "format": "png", "width": 1440, "height": 576}, "_wandb": {"runtime": 95}}