{"loss_train": 35630.051382240556, "_timestamp": 1648456421, "_runtime": 8, "_step": 2, "loss_benchmark": 33980.206896551725, "chart": {"_type": "image-file", "path": "media/images/chart_2_5c42138c555c8ab0245b.png", "sha256": "5c42138c555c8ab0245b87fed71b1c7d7c8356f75a2c66ac2e80d3eb27301c8b", "size": 173881, "format": "png", "width": 1440, "height": 576}, "_wandb": {"runtime": 6}}