{"loss_train": 47900.18546029304, "epoch": 120, "_timestamp": 1647765862, "_runtime": 219, "_step": 14, "loss_benchmark": 33980.206896551725, "chart": {"_type": "image-file", "path": "media/images/chart_14_d893af7dfef3e5366e78.png", "sha256": "d893af7dfef3e5366e7826ca7412f93041593cb7e8012b91c306dd892a78f1ed", "size": 155398, "format": "png", "width": 1440, "height": 576}, "_wandb": {"runtime": 218}}