{"loss_train": 35874.22122686555, "_timestamp": 1648456848, "_runtime": 11, "_step": 2, "loss_benchmark": 33980.206896551725, "chart": {"_type": "image-file", "path": "media/images/chart_2_06a7bccb1488d3719534.png", "sha256": "06a7bccb1488d3719534e0093d705d1d0a7dede44b8d4113b75b106c871a20e7", "size": 173559, "format": "png", "width": 1440, "height": 576}, "_wandb": {"runtime": 10}}