{"loss_train": 54438.46008847297, "epoch": 120, "_timestamp": 1647784460, "_runtime": 32, "_step": 2, "loss_benchmark": 33980.206896551725, "chart": {"_type": "image-file", "path": "media/images/chart_2_0d2d4c216c02c16a3c3e.png", "sha256": "0d2d4c216c02c16a3c3ed6b322bc97353cd498ed8c9c927d30089f59e089c8bc", "size": 207211, "format": "png", "width": 1440, "height": 576}, "_wandb": {"runtime": 31}}