{"loss_train": 52028.8909185336, "epoch": 120, "_timestamp": 1647769768, "_runtime": 256, "_step": 14, "loss_benchmark": 33980.206896551725, "chart": {"_type": "image-file", "path": "media/images/chart_14_fd77b229cbf5c8013e7a.png", "sha256": "fd77b229cbf5c8013e7ab17e64fb6bf322bf85f309c7403e0fc5f9b7eb8cda00", "size": 211259, "format": "png", "width": 1440, "height": 576}, "_wandb": {"runtime": 253}}