{"loss_train": 47882.873147137456, "epoch": 110, "_timestamp": 1647779253, "_runtime": 81, "_step": 11, "loss_benchmark": 33980.206896551725, "chart": {"_type": "image-file", "path": "media/images/chart_11_ad8538dc7e0e9f233bc7.png", "sha256": "ad8538dc7e0e9f233bc7477566920d8c204c72c4d4db137bb80df55fca9fe9b1", "size": 216417, "format": "png", "width": 1440, "height": 576}}