{"loss_train": 70808.00191465787, "epoch": 120, "_timestamp": 1647764302, "_runtime": 121, "_step": 14, "loss_benchmark": 33980.206896551725, "chart": {"_type": "image-file", "path": "media/images/chart_14_2c8e39ffe8d35059b32a.png", "sha256": "2c8e39ffe8d35059b32abf6d9798809fad68d0052ca82369fe1a0f79f121354d", "size": 164628, "format": "png", "width": 1440, "height": 576}, "_wandb": {"runtime": 119}}