{"loss_train": 45050.086118062834, "epoch": 120, "_timestamp": 1647766137, "_runtime": 264, "_step": 14, "loss_benchmark": 33980.206896551725, "chart": {"_type": "image-file", "path": "media/images/chart_14_18f1f1eb0c1b351fa2ab.png", "sha256": "18f1f1eb0c1b351fa2ab012f093899469e710db44c5db414348da771cd3f740e", "size": 171364, "format": "png", "width": 1440, "height": 576}, "_wandb": {"runtime": 261}}