{"loss_train": 67401.91755433242, "epoch": 110, "_timestamp": 1647765463, "_runtime": 96, "_step": 11, "loss_benchmark": 33980.206896551725, "chart": {"_type": "image-file", "path": "media/images/chart_11_12beaed12e9f680a40b2.png", "sha256": "12beaed12e9f680a40b2bd6f433f2fa43ec6b68ba204df253af3afe6759d343e", "size": 198633, "format": "png", "width": 1440, "height": 576}}