{"loss_train": 35732.213232481496, "_timestamp": 1648456188, "_runtime": 8, "_step": 2, "loss_benchmark": 33980.206896551725, "chart": {"_type": "image-file", "path": "media/images/chart_2_1429de82ebcd79744641.png", "sha256": "1429de82ebcd797446412acc1215dfdfe56dc23398d6dab36b1d433c42c8a993", "size": 172049, "format": "png", "width": 1440, "height": 576}, "_wandb": {"runtime": 8}}