{"loss_train": 35723.491577673405, "_timestamp": 1648455674, "_runtime": 8, "_step": 2, "loss_benchmark": 33980.206896551725, "chart": {"_type": "image-file", "path": "media/images/chart_2_c80741036d6da4f80492.png", "sha256": "c80741036d6da4f804927122aaa5be6cc21f78ead01d11e05243208a04f8a21f", "size": 176437, "format": "png", "width": 1440, "height": 576}, "_wandb": {"runtime": 6}}