{"loss_train": 35654.773381237246, "_timestamp": 1648456498, "_runtime": 9, "_step": 2, "loss_benchmark": 33980.206896551725, "chart": {"_type": "image-file", "path": "media/images/chart_2_3373aabeb360b63a0ecf.png", "sha256": "3373aabeb360b63a0ecf170f3a035759184e93af690a5956d3932f67e83fc9a6", "size": 170569, "format": "png", "width": 1440, "height": 576}, "_wandb": {"runtime": 8}}