{"loss_train": 36249.234105590906, "_timestamp": 1648455592, "_runtime": 9, "_step": 2, "loss_benchmark": 33980.206896551725, "chart": {"_type": "image-file", "path": "media/images/chart_2_ba725d3e123fea0db8e6.png", "sha256": "ba725d3e123fea0db8e6f72fd2c9bd46d4bbd7cc5eb1ece2fd22894e1888ce18", "size": 175237, "format": "png", "width": 1440, "height": 576}, "_wandb": {"runtime": 7}}