{"loss_train": 53405.01407471448, "epoch": 120, "_timestamp": 1647784331, "_runtime": 33, "_step": 2, "loss_benchmark": 33980.206896551725, "chart": {"_type": "image-file", "path": "media/images/chart_2_8a7d11dd2bdff204e887.png", "sha256": "8a7d11dd2bdff204e88772b9d7a0efc760294739776df7f6996c7200317f8043", "size": 204225, "format": "png", "width": 1440, "height": 576}, "_wandb": {"runtime": 31}}