{"loss_train": 89107.62904880857, "epoch": 120, "_timestamp": 1647779033, "_runtime": 270, "_step": 14, "loss_benchmark": 33980.206896551725, "chart": {"_type": "image-file", "path": "media/images/chart_14_9814e5ff64cbac2395f8.png", "sha256": "9814e5ff64cbac2395f86562bc57a9635f1952a740e56aaaad4ac721997e47e3", "size": 212703, "format": "png", "width": 1440, "height": 576}, "_wandb": {"runtime": 267}}