{"loss_train": 61452.66767077923, "epoch": 120, "_timestamp": 1647774713, "_runtime": 4935, "_step": 14, "loss_benchmark": 33980.206896551725, "chart": {"_type": "image-file", "path": "media/images/chart_14_5655565a899f2bbee587.png", "sha256": "5655565a899f2bbee587ac2e68eaa2c3cef120021dd12cfe5b2ba60d3bcd6ea5", "size": 208483, "format": "png", "width": 1440, "height": 576}, "_wandb": {"runtime": 4933}}