{"loss_train": 35712.819387184965, "_timestamp": 1648455879, "_runtime": 8, "_step": 2, "loss_benchmark": 33980.206896551725, "chart": {"_type": "image-file", "path": "media/images/chart_2_1c5ea0d1d77741501f21.png", "sha256": "1c5ea0d1d77741501f21d7ef172639bc30437194758202120b8707882b3629cf", "size": 173084, "format": "png", "width": 1440, "height": 576}, "_wandb": {"runtime": 8}}