{"loss_train": 67085.94824159135, "epoch": 120, "_timestamp": 1647777749, "_runtime": 112, "_step": 14, "loss_benchmark": 33980.206896551725, "chart": {"_type": "image-file", "path": "media/images/chart_14_ec8686d922a27ab04302.png", "sha256": "ec8686d922a27ab0430286c35aebbb2673885fef14b21d99b84e790c04d09128", "size": 217923, "format": "png", "width": 1440, "height": 576}, "_wandb": {"runtime": 111}}