{"loss_train": 36064.247507725886, "_timestamp": 1648456031, "_runtime": 7, "_step": 2, "loss_benchmark": 33980.206896551725, "chart": {"_type": "image-file", "path": "media/images/chart_2_59d68afe186ac69948ba.png", "sha256": "59d68afe186ac69948ba8080e95ce1ad6f0123c6311dd55ae4b50e2bbc60769f", "size": 173777, "format": "png", "width": 1440, "height": 576}, "_wandb": {"runtime": 6}}