{"loss_train": 43192.945653429815, "epoch": 80, "_timestamp": 1647763993, "_runtime": 18, "_step": 1, "loss_benchmark": 33980.206896551725, "_wandb": {"runtime": 15}}