{"loss_train": 50060.63815620773, "epoch": 120, "_timestamp": 1647767158, "_runtime": 126, "_step": 14, "loss_benchmark": 33980.206896551725, "chart": {"_type": "image-file", "path": "media/images/chart_14_86ec49bd18e0a5c39b96.png", "sha256": "86ec49bd18e0a5c39b96f3d89f2c724498daed463b237ca7a9fcc8cf9bfae6fd", "size": 201286, "format": "png", "width": 1440, "height": 576}, "_wandb": {"runtime": 124}}