{"loss_train": 35890.93031499777, "_timestamp": 1648456696, "_runtime": 10, "_step": 2, "loss_benchmark": 33980.206896551725, "chart": {"_type": "image-file", "path": "media/images/chart_2_50568bac1095bb54e1c9.png", "sha256": "50568bac1095bb54e1c930f7dd92263ef50c95346f58b73cdd0adcea0a5ca0a3", "size": 175108, "format": "png", "width": 1440, "height": 576}, "_wandb": {"runtime": 10}}