{"loss_train": 74264.07687672011, "epoch": 120, "_timestamp": 1647783803, "_runtime": 35, "_step": 2, "loss_benchmark": 33980.206896551725, "chart": {"_type": "image-file", "path": "media/images/chart_2_3a568408fbd1a8f79a10.png", "sha256": "3a568408fbd1a8f79a10983823e85e52fe13fcbf6d7c4167d623e9c55be092d6", "size": 144478, "format": "png", "width": 1440, "height": 576}, "_wandb": {"runtime": 33}}