{"loss_train": 56329.1079803838, "epoch": 120, "_timestamp": 1647784238, "_runtime": 32, "_step": 2, "loss_benchmark": 33980.206896551725, "chart": {"_type": "image-file", "path": "media/images/chart_2_4e253360c5cc13c54d31.png", "sha256": "4e253360c5cc13c54d319a3586b8952ad14d7b7cb4964c6d68802102bfd96ad5", "size": 197924, "format": "png", "width": 1440, "height": 576}, "_wandb": {"runtime": 29}}