{"loss_train": 59880.84418229032, "epoch": 120, "_timestamp": 1647784502, "_runtime": 31, "_step": 2, "loss_benchmark": 33980.206896551725, "chart": {"_type": "image-file", "path": "media/images/chart_2_94f959c821f8d195df9f.png", "sha256": "94f959c821f8d195df9feae79dff3e3cce24a61481b0dc64b22027b14c447dab", "size": 203861, "format": "png", "width": 1440, "height": 576}, "_wandb": {"runtime": 30}}