{"loss_train": 49427.0174701644, "epoch": 120, "_timestamp": 1647766897, "_runtime": 61, "_step": 14, "loss_benchmark": 33980.206896551725, "chart": {"_type": "image-file", "path": "media/images/chart_14_3fa73650329c047cbf47.png", "sha256": "3fa73650329c047cbf4720282684878fd553e1a69777a89c9478cea0ce970c6a", "size": 203830, "format": "png", "width": 1440, "height": 576}, "_wandb": {"runtime": 59}}