{"loss_train": 72105.82678118456, "epoch": 120, "_timestamp": 1647784594, "_runtime": 32, "_step": 2, "loss_benchmark": 33980.206896551725, "chart": {"_type": "image-file", "path": "media/images/chart_2_7f07bdd4f0aaa785cda3.png", "sha256": "7f07bdd4f0aaa785cda31080cf8dfaff9f00202dcde67b5c50c76a49ef0bbc66", "size": 209607, "format": "png", "width": 1440, "height": 576}, "_wandb": {"runtime": 30}}